id,vcm
0,0.414794921875
1,0.322509765625
2,0.322509765625
3,0.789794921875
4,0.697509765625
5,0.697509765625
