id,vcm
0,663791.044085266
1,792013.2213049692
2,541497.7514836207
3,980236.0802242624
