id,vcm
0,0.5439453125
1,0.5193359375
2,0.5193359375
3,0.6439453125
4,0.6193359375
5,0.6193359375
