id,vcm,thickness_calving_threshold
0,0.8754765616879576,204.74258873209183
1,0.7473174588016134,198.96717049216556
2,0.6264991707412098,102.0100079408775
3,0.9841609337755137,263.2188827038883
