id,vcm
0,0.4196194790681678
1,0.554418629831182
2,0.5093662300206633
3,0.45918463388634945
4,0.794404852179246
5,0.587481124742011
6,0.603231699838273
7,0.6986289547071995
8,0.7289610844381839
9,0.6711341626154781
