id,vcm
0,0.35986328125
1,0.29833984375
2,0.29833984375
3,0.60986328125
4,0.54833984375
5,0.54833984375
